{
  "$schema": "https://design-tokens-format.org/schemas/v1.0.0/design-tokens.json",
  "colors": {
    "brand": {
      "primary": {
        "$type": "color",
        "$value": "#1d70b8",
        "$description": "Primary brand color for CTAs, headings, links"
      },
      "primary-dark": {
        "$type": "color",
        "$value": "#2e8bc0",
        "$description": "Darker variant for gradients and hover states"
      },
      "success": {
        "$type": "color",
        "$value": "#28a745",
        "$description": "Success states, positive indicators"
      },
      "success-light": {
        "$type": "color",
        "$value": "#20c997",
        "$description": "Light success variant"
      },
      "warning": {
        "$type": "color",
        "$value": "#ffc107",
        "$description": "Alerts, warnings, highlights"
      },
      "error": {
        "$type": "color",
        "$value": "#dc3545",
        "$description": "Error states, destructive actions"
      }
    },
    "gray": {
      "50": { "$type": "color", "$value": "#f8f9fa" },
      "100": { "$type": "color", "$value": "#f1f3f5" },
      "200": { "$type": "color", "$value": "#e9ecef" },
      "300": { "$type": "color", "$value": "#dee2e6" },
      "400": { "$type": "color", "$value": "#ced4da" },
      "500": { "$type": "color", "$value": "#adb5bd" },
      "600": { "$type": "color", "$value": "#6c757d" },
      "700": { "$type": "color", "$value": "#4a4a4a" },
      "800": { "$type": "color", "$value": "#2c2c2c" },
      "900": { "$type": "color", "$value": "#1a1a1a" }
    },
    "semantic": {
      "background": {
        "$type": "color",
        "$value": "#ffffff",
        "$description": "Default page background"
      },
      "background-gray": {
        "$type": "color",
        "$value": "#f8f9fa",
        "$description": "Alternate section background"
      },
      "background-blue": {
        "$type": "color",
        "$value": "#f0f7ff",
        "$description": "Blue tinted background"
      },
      "text-primary": {
        "$type": "color",
        "$value": "#1a1a1a",
        "$description": "Primary text color"
      },
      "text-secondary": {
        "$type": "color",
        "$value": "#6c757d",
        "$description": "Secondary/muted text"
      },
      "border": {
        "$type": "color",
        "$value": "#e9ecef",
        "$description": "Default border color"
      }
    }
  },
  "typography": {
    "font-family": {
      "primary": {
        "$type": "fontFamily",
        "$value": ["Inter", "-apple-system", "BlinkMacSystemFont", "Segoe UI", "sans-serif"],
        "$description": "Primary font stack"
      }
    },
    "font-size": {
      "xs": { "$type": "dimension", "$value": "0.75rem" },
      "sm": { "$type": "dimension", "$value": "0.875rem" },
      "base": { "$type": "dimension", "$value": "1rem" },
      "lg": { "$type": "dimension", "$value": "1.125rem" },
      "xl": { "$type": "dimension", "$value": "1.25rem" },
      "2xl": { "$type": "dimension", "$value": "1.5rem" },
      "3xl": { "$type": "dimension", "$value": "1.875rem" },
      "4xl": { "$type": "dimension", "$value": "2.25rem" },
      "5xl": { "$type": "dimension", "$value": "3rem" },
      "6xl": { "$type": "dimension", "$value": "3.75rem" },
      "7xl": { "$type": "dimension", "$value": "4.5rem" }
    },
    "font-weight": {
      "normal": { "$type": "number", "$value": 400 },
      "medium": { "$type": "number", "$value": 500 },
      "semibold": { "$type": "number", "$value": 600 },
      "bold": { "$type": "number", "$value": 700 },
      "extrabold": { "$type": "number", "$value": 800 }
    },
    "line-height": {
      "tight": { "$type": "number", "$value": 1.1 },
      "snug": { "$type": "number", "$value": 1.3 },
      "normal": { "$type": "number", "$value": 1.5 },
      "relaxed": { "$type": "number", "$value": 1.6 },
      "loose": { "$type": "number", "$value": 1.7 }
    },
    "letter-spacing": {
      "tight": { "$type": "dimension", "$value": "-0.02em" },
      "normal": { "$type": "dimension", "$value": "0" },
      "wide": { "$type": "dimension", "$value": "0.01em" }
    }
  },
  "spacing": {
    "0": { "$type": "dimension", "$value": "0" },
    "1": { "$type": "dimension", "$value": "0.25rem" },
    "2": { "$type": "dimension", "$value": "0.5rem" },
    "3": { "$type": "dimension", "$value": "0.75rem" },
    "4": { "$type": "dimension", "$value": "1rem" },
    "5": { "$type": "dimension", "$value": "1.25rem" },
    "6": { "$type": "dimension", "$value": "1.5rem" },
    "8": { "$type": "dimension", "$value": "2rem" },
    "10": { "$type": "dimension", "$value": "2.5rem" },
    "12": { "$type": "dimension", "$value": "3rem" },
    "16": { "$type": "dimension", "$value": "4rem" },
    "20": { "$type": "dimension", "$value": "5rem" },
    "24": { "$type": "dimension", "$value": "6rem" }
  },
  "border-radius": {
    "none": { "$type": "dimension", "$value": "0" },
    "sm": { "$type": "dimension", "$value": "0.5rem" },
    "md": { "$type": "dimension", "$value": "0.75rem" },
    "lg": { "$type": "dimension", "$value": "1rem" },
    "xl": { "$type": "dimension", "$value": "1.5rem" },
    "2xl": { "$type": "dimension", "$value": "2rem" },
    "3xl": { "$type": "dimension", "$value": "2.5rem" },
    "full": { "$type": "dimension", "$value": "9999px" }
  },
  "shadow": {
    "sm": {
      "$type": "shadow",
      "$value": {
        "offsetX": "0",
        "offsetY": "2px",
        "blur": "4px",
        "spread": "0",
        "color": "rgba(0, 0, 0, 0.04)"
      }
    },
    "md": {
      "$type": "shadow",
      "$value": {
        "offsetX": "0",
        "offsetY": "4px",
        "blur": "12px",
        "spread": "0",
        "color": "rgba(0, 0, 0, 0.08)"
      }
    },
    "lg": {
      "$type": "shadow",
      "$value": {
        "offsetX": "0",
        "offsetY": "8px",
        "blur": "24px",
        "spread": "0",
        "color": "rgba(0, 0, 0, 0.12)"
      }
    },
    "primary": {
      "$type": "shadow",
      "$value": {
        "offsetX": "0",
        "offsetY": "4px",
        "blur": "12px",
        "spread": "0",
        "color": "rgba(29, 112, 184, 0.3)"
      },
      "$description": "Primary brand colored shadow"
    }
  },
  "container": {
    "narrow": { "$type": "dimension", "$value": "640px" },
    "sm": { "$type": "dimension", "$value": "896px" },
    "md": { "$type": "dimension", "$value": "1024px" },
    "lg": { "$type": "dimension", "$value": "1152px" },
    "xl": { "$type": "dimension", "$value": "1280px" },
    "2xl": { "$type": "dimension", "$value": "1536px" }
  },
  "breakpoints": {
    "sm": { "$type": "dimension", "$value": "640px" },
    "md": { "$type": "dimension", "$value": "768px" },
    "lg": { "$type": "dimension", "$value": "1024px" },
    "xl": { "$type": "dimension", "$value": "1280px" },
    "2xl": { "$type": "dimension", "$value": "1536px" }
  },
  "z-index": {
    "dropdown": { "$type": "number", "$value": 10 },
    "sticky": { "$type": "number", "$value": 20 },
    "fixed": { "$type": "number", "$value": 30 },
    "modal-backdrop": { "$type": "number", "$value": 40 },
    "modal": { "$type": "number", "$value": 50 },
    "popover": { "$type": "number", "$value": 60 },
    "toast": { "$type": "number", "$value": 70 }
  },
  "animation": {
    "duration": {
      "fast": { "$type": "duration", "$value": "200ms" },
      "normal": { "$type": "duration", "$value": "300ms" },
      "slow": { "$type": "duration", "$value": "500ms" }
    },
    "easing": {
      "smooth": { "$type": "cubicBezier", "$value": [0.4, 0, 0.2, 1] },
      "bounce": { "$type": "cubicBezier", "$value": [0.68, -0.55, 0.265, 1.55] }
    }
  }
}
